Workbook

Sheet 🌍 Global Dashboard
B1: Splunk Observability Cloud – Multi-DC OTel Collector Capacity Dashboard
B2: All values auto-calculated from per-DC sheets. Blue cells in DC sheets = manual input.
B4: PER DATACENTER CAPACITY SUMMARY
B5: Data Center | C5: Nodes | D5: Avg CPU% | E5: Avg Mem% | F5: Spans/s Sent | G5: Drop Rate% | H5: Servers Needed | I5: Status
B6: DC1-US-East | C6: ='🖥 DC1 Inventory'!C4 -> 3 | D6: ='🖥 DC1 Inventory'!H4 -> 0.65666667 | E6: ='🖥 DC1 Inventory'!I4 -> 0.71333333 | F6: ='📡 DC1 Metrics'!C4 -> 124200 | G6: ='📡 DC1 Metrics'!E4 -> 0.017948921 | H6: ='⚡ DC1 Capacity'!C30 -> 2 | I6: =IF('⚡ DC1 Capacity'!C30>0,"⚠️ ADD "&'⚡ DC1 Capacity'!C30&" servers",IF('🖥 DC1 Inventory'!J4>0,"🟡 CPU risk",IF('🖥 DC1 Inventory'!K4>0,"🟡 Mem risk","✅ OK"))) -> ⚠️ ADD 2 servers
B7: DC2-US-West | C7: ='🖥 DC2 Inventory'!C4 -> 2 | D7: ='🖥 DC2 Inventory'!H4 -> 0.8 | E7: ='🖥 DC2 Inventory'!I4 -> 0.835 | F7: ='📡 DC2 Metrics'!C4 -> 134000 | G7: ='📡 DC2 Metrics'!E4 -> 0.054340155 | H7: ='⚡ DC2 Capacity'!C30 -> 2 | I7: =IF('⚡ DC2 Capacity'!C30>0,"⚠️ ADD "&'⚡ DC2 Capacity'!C30&" servers",IF('🖥 DC2 Inventory'!J4>0,"🟡 CPU risk",IF('🖥 DC2 Inventory'!K4>0,"🟡 Mem risk","✅ OK"))) -> ⚠️ ADD 2 servers
B8: DC3-EU-Central | C8: ='🖥 DC3 Inventory'!C4 -> 2 | D8: ='🖥 DC3 Inventory'!H4 -> 0.415 | E8: ='🖥 DC3 Inventory'!I4 -> 0.48 | F8: ='📡 DC3 Metrics'!C4 -> 33930 | G8: ='📡 DC3 Metrics'!E4 -> 0.0011775096 | H8: ='⚡ DC3 Capacity'!C30 -> 1 | I8: =IF('⚡ DC3 Capacity'!C30>0,"⚠️ ADD "&'⚡ DC3 Capacity'!C30&" servers",IF('🖥 DC3 Inventory'!J4>0,"🟡 CPU risk",IF('🖥 DC3 Inventory'!K4>0,"🟡 Mem risk","✅ OK"))) -> ⚠️ ADD 1 servers
B9: DC4-APAC | C9: ='🖥 DC4 Inventory'!C4 -> 1 | D9: ='🖥 DC4 Inventory'!H4 -> 0.61 | E9: ='🖥 DC4 Inventory'!I4 -> 0.67 | F9: ='📡 DC4 Metrics'!C4 -> 37500 | G9: ='📡 DC4 Metrics'!E4 -> 0.01055409 | H9: ='⚡ DC4 Capacity'!C30 -> 1 | I9: =IF('⚡ DC4 Capacity'!C30>0,"⚠️ ADD "&'⚡ DC4 Capacity'!C30&" servers",IF('🖥 DC4 Inventory'!J4>0,"🟡 CPU risk",IF('🖥 DC4 Inventory'!K4>0,"🟡 Mem risk","✅ OK"))) -> ⚠️ ADD 1 servers
B10: TOTAL / FLEET | C10: =SUM(C6:C9) -> 8 | D10: =AVERAGE(D6:D9) -> 0.62041667 | E10: =AVERAGE(E6:E9) -> 0.67458333 | F10: =SUM(F6:F9) -> 329630 | G10: =IFERROR(AVERAGE(G6:G9),0) -> 0.021005169 | H10: =SUM(H6:H9) -> 6 | I10: =IF(H10>0,"⚠️ "&H10&" total servers needed across all DCs","✅ All DCs OK") -> ⚠️ 6 total servers needed across all DCs
B12: KEY RISK INDICATORS BY DATACENTER
B13: Data Center | C13: CPU Risk Nodes | D13: Mem Risk Nodes | E13: Nodes w/ Drops | F13: Binding Constraint | G13: Urgency | H13: Additional Servers | I13: Recommendation
B14: DC1-US-East | C14: ='🖥 DC1 Inventory'!J4 -> 1 | D14: ='🖥 DC1 Inventory'!K4 -> 1 | E14: ='📡 DC1 Metrics'!G4 -> 3 | F14: ='⚡ DC1 Capacity'!C37 -> Memory is bottleneck | G14: ='⚡ DC1 Capacity'!C38 -> 🔴 IMMEDIATE – Drops actively occurring | H14: ='⚡ DC1 Capacity'!C30 -> 2 | I14: ='⚡ DC1 Capacity'!C36 -> ⚠️ ADD 2 SERVER(S) to DC1-US-East to prevent data loss
B15: DC2-US-West | C15: ='🖥 DC2 Inventory'!J4 -> 2 | D15: ='🖥 DC2 Inventory'!K4 -> 2 | E15: ='📡 DC2 Metrics'!G4 -> 2 | F15: ='⚡ DC2 Capacity'!C37 -> Memory is bottleneck | G15: ='⚡ DC2 Capacity'!C38 -> 🔴 IMMEDIATE – Drops actively occurring | H15: ='⚡ DC2 Capacity'!C30 -> 2 | I15: ='⚡ DC2 Capacity'!C36 -> ⚠️ ADD 2 SERVER(S) to DC2-US-West to prevent data loss
B16: DC3-EU-Central | C16: ='🖥 DC3 Inventory'!J4 -> 0 | D16: ='🖥 DC3 Inventory'!K4 -> 0 | E16: ='📡 DC3 Metrics'!G4 -> 2 | F16: ='⚡ DC3 Capacity'!C37 -> Memory is bottleneck | G16: ='⚡ DC3 Capacity'!C38 -> 🔴 IMMEDIATE – Drops actively occurring | H16: ='⚡ DC3 Capacity'!C30 -> 1 | I16: ='⚡ DC3 Capacity'!C36 -> ⚠️ ADD 1 SERVER(S) to DC3-EU-Central to prevent data loss
B17: DC4-APAC | C17: ='🖥 DC4 Inventory'!J4 -> 0 | D17: ='🖥 DC4 Inventory'!K4 -> 0 | E17: ='📡 DC4 Metrics'!G4 -> 1 | F17: ='⚡ DC4 Capacity'!C37 -> Memory is bottleneck | G17: ='⚡ DC4 Capacity'!C38 -> 🔴 IMMEDIATE – Drops actively occurring | H17: ='⚡ DC4 Capacity'!C30 -> 1 | I17: ='⚡ DC4 Capacity'!C36 -> ⚠️ ADD 1 SERVER(S) to DC4-APAC to prevent data loss
B19: PROMETHEUS / OTel METRICS REFERENCE (Pull into DC sheets)
B20: Metric Description | C20: Prometheus Metric Name | D20: Type / Query | I20: Notes
B21: Spans sent (success) | C21: otelcol_exporter_sent_spans | D21: rate([5m]) | I21: SignalFx exporter → sent_spans counter
B22: Spans dropped (OOM/queue) | C22: otelcol_exporter_enqueue_failed_spans | D22: rate([5m]) | I22: Key OOM drop indicator
B23: Queue size | C23: otelcol_exporter_queue_size | D23: gauge | I23: Current items in exporter queue
B24: Queue capacity | C24: otelcol_exporter_queue_capacity | D24: gauge | I24: Max queue size (set in collector config)
B25: Memory RSS | C25: otelcol_process_memory_rss | D25: gauge (bytes) | I25: Compare to node RAM limit
B26: CPU seconds | C26: otelcol_process_cpu_seconds_total | D26: rate([5m])*100 | I26: Multiply by 100 for CPU %
B27: Receiver accepted | C27: otelcol_receiver_accepted_spans | D27: rate([5m]) | I27: Total ingest rate
B28: Receiver refused | C28: otelcol_receiver_refused_spans | D28: rate([5m]) | I28: Spans rejected at receiver layer

Sheet 📋 How To Use
B1: How To Use – Multi-DC OTel Capacity Analysis
B3: STEP 1 – DC Inventory Sheets
B4: For each DC (DC1–DC4): open the '🖥 DCx Inventory' sheet. Enter server names, vCPUs, RAM(GB), Avg CPU%, Avg Mem% for every collector node in that DC. Pull CPU/Mem from Splunk IM, Prometheus node_exporter, or cloud monitoring (CloudWatch, Azure Monitor). Thresholds (H5/I5) can be adjusted per DC independently.
B7: STEP 2 – DC Metrics Sheets
B8: For each DC: open the '📡 DCx Metrics' sheet. Enter per-node: spans received/s, spans sent/s (success), spans dropped (otelcol_exporter_enqueue_failed_spans), queue capacity, queue size. All drop rate and queue fill % columns are auto-calculated.
B11: STEP 3 – DC Capacity Assumptions
B12: For each DC: open the '⚡ DCx Capacity' sheet. Review and tune the blue assumption cells: target CPU %, target Mem %, expected span growth rate (per-DC forecast!), max spans/s per node (benchmark from that DC's hardware), safety buffer, new server specs. Different DCs may have different hardware specs – set these independently per DC.
B15: STEP 4 – Global Dashboard
B16: Open the '🌍 Global Dashboard' to see the full picture: per-DC node counts, CPU/Mem averages, span throughput, drop rates, and additional servers needed. The TOTAL row shows the fleet-wide aggregate. Red cells = immediate action needed.
B19: STEP 5 – Share Results
B20: Share the Global Dashboard tab with leadership. Share individual DC Capacity sheets with the respective DC infrastructure teams. The 'Servers Needed' column on the dashboard drives procurement planning.
B23: DIAGNOSING OOM DROPS
... B32: To add a 5th+ DC: duplicate one of the inventory/metrics/capacity sheet trios, rename them, update the Global Dashboard formulas to reference the new sheets, and add a new row to the per-DC summary and risk tables.

Sheet 🖥 DC1 Inventory
B1: DC1-US-East – OTel Collector Server Inventory & Resource Utilization
B2: Blue cells = manual input. Pull CPU/Mem from Splunk IM, Prometheus node_exporter, or CloudWatch.
B3: DC1-US-East — FLEET SUMMARY (Auto-calculated)
B4: Summary → | C4: =COUNTA(B7:B56) -> 3 | D4: =SUM(D7:D56) -> 24 | E4: =SUM(E7:E56) -> 96 | H4: =IFERROR(AVERAGEIF(H7:H56,">0"),0) -> 0.65666667 | I4: =IFERROR(AVERAGEIF(I7:I56,">0"),0) -> 0.71333333 | J4: =COUNTIF(H7:H56,">"&H5) -> 1 | K4: =COUNTIF(I7:I56,">"&I5) -> 1
B5: ▶ Thresholds (editable) → | H5: 0.7 | I5: 0.75 | J5: CPU threshold ↑ | K5: Mem threshold ↑ | L5: ← Edit H5/I5 to change
B6: Server / Node Name | C6: Environment | D6: vCPUs | E6: RAM (GB) | F6: Collector Version | G6: Pipelines | H6: CPU Util % | I6: Mem Util % | J6: CPU Status | K6: Mem Status | L6: Notes / Tags
B7: otel-dc1-01 | C7: Prod | D7: 8 | E7: 32 | F7: 0.96.0 | G7: traces,metrics,logs | H7: 0.68 | I7: 0.72 | J7: =IF(H7="","",IF(H7>$H$5,"🔴 Over Limit",IF(H7>$H$5*0.9,"🟡 Warning","✅ OK"))) -> 🟡 Warning | K7: =IF(I7="","",IF(I7>$I$5,"🔴 Over Limit",IF(I7>$I$5*0.9,"🟡 Warning","✅ OK"))) -> 🟡 Warning | L7: 0.96.0
B8: otel-dc1-02 | C8: Prod | D8: 8 | E8: 32 | F8: 0.96.0 | G8: traces,metrics,logs | H8: 0.74 | I8: 0.81 | J8: =IF(H8="","",IF(H8>$H$5,"🔴 Over Limit",IF(H8>$H$5*0.9,"🟡 Warning","✅ OK"))) -> 🔴 Over Limit | K8: =IF(I8="","",IF(I8>$I$5,"🔴 Over Limit",IF(I8>$I$5*0.9,"🟡 Warning","✅ OK"))) -> 🔴 Over Limit | L8: 0.96.0
B9: otel-dc1-03 | C9: Prod | D9: 8 | E9: 32 | F9: 0.96.0 | G9: traces | H9: 0.55 | I9: 0.61 | J9: =IF(H9="","",IF(H9>$H$5,"🔴 Over Limit",IF(H9>$H$5*0.9,"🟡 Warning","✅ OK"))) -> ✅ OK | K9: =IF(I9="","",IF(I9>$I$5,"🔴 Over Limit",IF(I9>$I$5*0.9,"🟡 Warning","✅ OK"))) -> ✅ OK | L9: 0.96.0
J10: =IF(H10="","",IF(H10>$H$5,"🔴 Over Limit",IF(H10>$H$5*0.9,"🟡 Warning","✅ OK"))) | K10: =IF(I10="","",IF(I10>$I$5,"🔴 Over Limit",IF(I10>$I$5*0.9,"🟡 Warning","✅ OK")))
J11: =IF(H11="","",IF(H11>$H$5,"🔴 Over Limit",IF(H11>$H$5*0.9,"🟡 Warning","✅ OK"))) | K11: =IF(I11="","",IF(I11>$I$5,"🔴 Over Limit",IF(I11>$I$5*0.9,"🟡 Warning","✅ OK")))
J12: =IF(H12="","",IF(H12>$H$5,"🔴 Over Limit",IF(H12>$H$5*0.9,"🟡 Warning","✅ OK"))) | K12: =IF(I12="","",IF(I12>$I$5,"🔴 Over Limit",IF(I12>$I$5*0.9,"🟡 Warning","✅ OK")))
J13: =IF(H13="","",IF(H13>$H$5,"🔴 Over Limit",IF(H13>$H$5*0.9,"🟡 Warning","✅ OK"))) | K13: =IF(I13="","",IF(I13>$I$5,"🔴 Over Limit",IF(I13>$I$5*0.9,"🟡 Warning","✅ OK")))
J14: =IF(H14="","",IF(H14>$H$5,"🔴 Over Limit",IF(H14>$H$5*0.9,"🟡 Warning","✅ OK"))) | K14: =IF(I14="","",IF(I14>$I$5,"🔴 Over Limit",IF(I14>$I$5*0.9,"🟡 Warning","✅ OK")))
J15: =IF(H15="","",IF(H15>$H$5,"🔴 Over Limit",IF(H15>$H$5*0.9,"🟡 Warning","✅ OK"))) | K15: =IF(I15="","",IF(I15>$I$5,"🔴 Over Limit",IF(I15>$I$5*0.9,"🟡 Warning","✅ OK")))
J16: =IF(H16="","",IF(H16>$H$5,"🔴 Over Limit",IF(H16>$H$5*0.9,"🟡 Warning","✅ OK"))) | K16: =IF(I16="","",IF(I16>$I$5,"🔴 Over Limit",IF(I16>$I$5*0.9,"🟡 Warning","✅ OK")))
J17: =IF(H17="","",IF(H17>$H$5,"🔴 Over Limit",IF(H17>$H$5*0.9,"🟡 Warning","✅ OK"))) | K17: =IF(I17="","",IF(I17>$I$5,"🔴 Over Limit",IF(I17>$I$5*0.9,"🟡 Warning","✅ OK")))
J18: =IF(H18="","",IF(H18>$H$5,"🔴 Over Limit",IF(H18>$H$5*0.9,"🟡 Warning","✅ OK"))) | K18: =IF(I18="","",IF(I18>$I$5,"🔴 Over Limit",IF(I18>$I$5*0.9,"🟡 Warning","✅ OK")))
J19: =IF(H19="","",IF(H19>$H$5,"🔴 Over Limit",IF(H19>$H$5*0.9,"🟡 Warning","✅ OK"))) | K19: =IF(I19="","",IF(I19>$I$5,"🔴 Over Limit",IF(I19>$I$5*0.9,"🟡 Warning","✅ OK")))
J20: =IF(H20="","",IF(H20>$H$5,"🔴 Over Limit",IF(H20>$H$5*0.9,"🟡 Warning","✅ OK"))) | K20: =IF(I20="","",IF(I20>$I$5,"🔴 Over Limit",IF(I20>$I$5*0.9,"🟡 Warning","✅ OK")))
J21: =IF(H21="","",IF(H21>$H$5,"🔴 Over Limit",IF(H21>$H$5*0.9,"🟡 Warning","✅ OK"))) | K21: =IF(I21="","",IF(I21>$I$5,"🔴 Over Limit",IF(I21>$I$5*0.9,"🟡 Warning","✅ OK")))
... J56: =IF(H56="","",IF(H56>$H$5,"🔴 Over Limit",IF(H56>$H$5*0.9,"🟡 Warning","✅ OK"))) | K56: =IF(I56="","",IF(I56>$I$5,"🔴 Over Limit",IF(I56>$I$5*0.9,"🟡 Warning","✅ OK")))

Sheet 📡 DC1 Metrics
B1: DC1-US-East – OTel Collector Span Metrics & Drop Analysis
B2: Source: otelcol_exporter_sent_spans | otelcol_exporter_enqueue_failed_spans | otelcol_exporter_queue_size/capacity
B3: DC1-US-East — SPAN METRICS SUMMARY
B4: Summary → | C4: =SUM(E7:E56) -> 124200 | D4: =SUM(F7:F56) -> 2270 | E4: =IFERROR(D4/(C4+D4),0) -> 0.017948921 | F4: =IFERROR(AVERAGEIF(J7:J56,">0"),0) -> 0.77 | G4: =COUNTIF(F7:F56,">0") -> 3
B6: Server / Node | C6: Time Window | D6: Spans Recv/s | E6: Spans Sent/s (OK) | F6: Spans Dropped | G6: Drop Rate % | H6: Queue Capacity | I6: Queue Size | J6: Queue Fill % | K6: Drop Reason
B7: otel-dc1-01 | C7: Last 1h | D7: 45000 | E7: 44800 | F7: 120 | G7: =IFERROR(F7/(E7+F7),0) -> 0.0026714159 | H7: 10000 | I7: 8200 | J7: =IFERROR(I7/H7,0) -> 0.82 | K7: =IF(F7>0,IF(J7>0.9,"🔴 OOM/Queue Full","🟡 Queue Overflow"),"✅ None") -> 🟡 Queue Overflow
B8: otel-dc1-02 | C8: Last 1h | D8: 52000 | E8: 49500 | F8: 2100 | G8: =IFERROR(F8/(E8+F8),0) -> 0.040697674 | H8: 10000 | I8: 9800 | J8: =IFERROR(I8/H8,0) -> 0.98 | K8: =IF(F8>0,IF(J8>0.9,"🔴 OOM/Queue Full","🟡 Queue Overflow"),"✅ None") -> 🔴 OOM/Queue Full
B9: otel-dc1-03 | C9: Last 1h | D9: 30000 | E9: 29900 | F9: 50 | G9: =IFERROR(F9/(E9+F9),0) -> 0.0016694491 | H9: 10000 | I9: 5100 | J9: =IFERROR(I9/H9,0) -> 0.51 | K9: =IF(F9>0,IF(J9>0.9,"🔴 OOM/Queue Full","🟡 Queue Overflow"),"✅ None") -> 🟡 Queue Overflow
G10: =IFERROR(F10/(E10+F10),0) -> 0 | J10: =IFERROR(I10/H10,0) -> 0 | K10: =IF(F10>0,IF(J10>0.9,"🔴 OOM/Queue Full","🟡 Queue Overflow"),"✅ None") -> ✅ None
G11: =IFERROR(F11/(E11+F11),0) -> 0 | J11: =IFERROR(I11/H11,0) -> 0 | K11: =IF(F11>0,IF(J11>0.9,"🔴 OOM/Queue Full","🟡 Queue Overflow"),"✅ None") -> ✅ None
G12: =IFERROR(F12/(E12+F12),0) -> 0 | J12: =IFERROR(I12/H12,0) -> 0 | K12: =IF(F12>0,IF(J12>0.9,"🔴 OOM/Queue Full","🟡 Queue Overflow"),"✅ None") -> ✅ None
G13: =IFERROR(F13/(E13+F13),0) -> 0 | J13: =IFERROR(I13/H13,0) -> 0 | K13: =IF(F13>0,IF(J13>0.9,"🔴 OOM/Queue Full","🟡 Queue Overflow"),"✅ None") -> ✅ None
G14: =IFERROR(F14/(E14+F14),0) -> 0 | J14: =IFERROR(I14/H14,0) -> 0 | K14: =IF(F14>0,IF(J14>0.9,"🔴 OOM/Queue Full","🟡 Queue Overflow"),"✅ None") -> ✅ None
G15: =IFERROR(F15/(E15+F15),0) -> 0 | J15: =IFERROR(I15/H15,0) -> 0 | K15: =IF(F15>0,IF(J15>0.9,"🔴 OOM/Queue Full","🟡 Queue Overflow"),"✅ None") -> ✅ None
G16: =IFERROR(F16/(E16+F16),0) -> 0 | J16: =IFERROR(I16/H16,0) -> 0 | K16: =IF(F16>0,IF(J16>0.9,"🔴 OOM/Queue Full","🟡 Queue Overflow"),"✅ None") -> ✅ None
G17: =IFERROR(F17/(E17+F17),0) -> 0 | J17: =IFERROR(I17/H17,0) -> 0 | K17: =IF(F17>0,IF(J17>0.9,"🔴 OOM/Queue Full","🟡 Queue Overflow"),"✅ None") -> ✅ None
G18: =IFERROR(F18/(E18+F18),0) -> 0 | J18: =IFERROR(I18/H18,0) -> 0 | K18: =IF(F18>0,IF(J18>0.9,"🔴 OOM/Queue Full","🟡 Queue Overflow"),"✅ None") -> ✅ None
G19: =IFERROR(F19/(E19+F19),0) -> 0 | J19: =IFERROR(I19/H19,0) -> 0 | K19: =IF(F19>0,IF(J19>0.9,"🔴 OOM/Queue Full","🟡 Queue Overflow"),"✅ None") -> ✅ None
G20: =IFERROR(F20/(E20+F20),0) -> 0 | J20: =IFERROR(I20/H20,0) -> 0 | K20: =IF(F20>0,IF(J20>0.9,"🔴 OOM/Queue Full","🟡 Queue Overflow"),"✅ None") -> ✅ None
G21: =IFERROR(F21/(E21+F21),0) -> 0 | J21: =IFERROR(I21/H21,0) -> 0 | K21: =IF(F21>0,IF(J21>0.9,"🔴 OOM/Queue Full","🟡 Queue Overflow"),"✅ None") -> ✅ None
... G56: =IFERROR(F56/(E56+F56),0) -> 0 | J56: =IFERROR(I56/H56,0) -> 0 | K56: =IF(F56>0,IF(J56>0.9,"🔴 OOM/Queue Full","🟡 Queue Overflow"),"✅ None") -> ✅ None

Sheet ⚡ DC1 Capacity
B1: DC1-US-East – Capacity Planning Model
B3: A. CURRENT STATE (Auto-pulled from Inventory & Metrics sheets)
B4: Current collector nodes | C4: ='🖥 DC1 Inventory'!C4 -> 3 | D4: nodes
B5: Avg CPU utilization | C5: ='🖥 DC1 Inventory'!H4 -> 0.65666667 | D5: %
B6: Avg Memory utilization | C6: ='🖥 DC1 Inventory'!I4 -> 0.71333333 | D6: %
B7: Total vCPUs in fleet | C7: ='🖥 DC1 Inventory'!D4 -> 24 | D7: vCPUs
B8: Total RAM in fleet (GB) | C8: ='🖥 DC1 Inventory'!E4 -> 96 | D8: GB
B9: Total spans/s sent (success) | C9: ='📡 DC1 Metrics'!C4 -> 124200 | D9: spans/s
B10: Total spans dropped | C10: ='📡 DC1 Metrics'!D4 -> 2270 | D10: spans
B11: Fleet-wide drop rate | C11: ='📡 DC1 Metrics'!E4 -> 0.017948921 | D11: %
B12: Nodes with active drops | C12: ='📡 DC1 Metrics'!G4 -> 3 | D12: nodes
B14: B. CAPACITY PLANNING ASSUMPTIONS (Blue = editable per DC)
B15: Target CPU utilization (safe ceiling) | C15: 0.65 | D15: % | E15: 65% leaves headroom for traffic bursts
B16: Target Memory utilization (safe ceiling) | C16: 0.7 | D16: % | E16: 70% buffer for GC & queue memory
B17: Expected span growth rate (next 6 months) | C17: 0.3 | D17: % | E17: Adjust per DC traffic forecast
B18: Max spans/s per collector node (observed peak) | C18: 15000 | D18: spans/s | E18: Benchmark from this DC; adjust for HW
B19: Safety buffer multiplier | C19: 1.2 | D19: x | E19: 1.2 = 20% extra headroom
B20: vCPUs per new server (spec) | C20: 8 | D20: vCPUs | E20: Spec of servers to be added
B21: RAM per new server (GB spec) | C21: 32 | D21: GB | E21: Spec of servers to be added
B23: C. CAPACITY CALCULATIONS (All formulas – do not edit)
B24: Projected spans/s after growth | C24: =C10*(1+C17) -> 2951 | E24: Current spans × (1 + growth rate)
B25: Required nodes – Span Throughput | C25: =CEILING(C24/C18,1) -> 1 | E25: Projected spans ÷ max spans/node
B26: Required nodes – CPU Headroom | C26: =CEILING(C4*(C5/C15),1) -> 4 | E26: Current nodes × (current CPU ÷ target CPU)
B27: Required nodes – Memory Headroom | C27: =CEILING(C4*(C6/C16),1) -> 4 | E27: Current nodes × (current Mem ÷ target Mem)
B28: Worst-case required nodes | C28: =MAX(C25,C26,C27) -> 4 | E28: Max across all 3 constraints
B29: After safety buffer | C29: =CEILING(C28*C19,1) -> 5 | E29: Worst-case × safety multiplier
B30: ➤ ADDITIONAL SERVERS NEEDED | C30: =MAX(0,C29-C4) -> 2 | D30: servers | E30: Required (with buffer) minus current fleet
B31: Total fleet size after scale-out | C31: =C4+C30 -> 5 | E31: Current + additional
B32: New vCPUs added | C32: =C30*C20 -> 16 | E32: New servers × vCPUs per server
B33: New RAM added (GB) | C33: =C30*C21 -> 64 | E33: New servers × RAM per server
B35: D. RECOMMENDATION
B36: Decision | C36: =IF(C30>0,"⚠️ ADD "&C30&" SERVER(S) to DC1-US-East to prevent data loss","✅ Current DC1-US-East fleet is sufficient") -> ⚠️ ADD 2 SERVER(S) to DC1-US-East to prevent data loss
B37: Binding constraint | C37: =IF(AND(C26>=C25,C26>=C27),"Memory is bottleneck",IF(AND(C27>=C25,C27>=C26),"Span throughput is bottleneck","CPU is bottleneck")) -> Memory is bottleneck
B38: Urgency | C38: =IF(C11>0,"🔴 IMMEDIATE – Drops actively occurring",IF(C5>0.8,"🟡 HIGH – CPU critical",IF(C6>0.85,"🟡 HIGH – Memory critical","🟢 PLANNED – Scale before growth"))) -> 🔴 IMMEDIATE – Drops actively occurring
B39: Timeline | C39: =IF(C11>0,"Scale within 1-2 weeks",IF(C30>0,"Plan scale-out within 1-3 months","No action needed now")) -> Scale within 1-2 weeks

Sheet 🖥 DC2 Inventory
B1: DC2-US-West – OTel Collector Server Inventory & Resource Utilization
B2: Blue cells = manual input. Pull CPU/Mem from Splunk IM, Prometheus node_exporter, or CloudWatch.
B3: DC2-US-West — FLEET SUMMARY (Auto-calculated)
B4: Summary → | C4: =COUNTA(B7:B56) -> 2 | D4: =SUM(D7:D56) -> 32 | E4: =SUM(E7:E56) -> 128 | H4: =IFERROR(AVERAGEIF(H7:H56,">0"),0) -> 0.8 | I4: =IFERROR(AVERAGEIF(I7:I56,">0"),0) -> 0.835 | J4: =COUNTIF(H7:H56,">"&H5) -> 2 | K4: =COUNTIF(I7:I56,">"&I5) -> 2
B5: ▶ Thresholds (editable) → | H5: 0.7 | I5: 0.75 | J5: CPU threshold ↑ | K5: Mem threshold ↑ | L5: ← Edit H5/I5 to change
B6: Server / Node Name | C6: Environment | D6: vCPUs | E6: RAM (GB) | F6: Collector Version | G6: Pipelines | H6: CPU Util % | I6: Mem Util % | J6: CPU Status | K6: Mem Status | L6: Notes / Tags
B7: otel-dc2-01 | C7: Prod | D7: 16 | E7: 64 | F7: 0.96.0 | G7: traces,metrics | H7: 0.82 | I7: 0.88 | J7: =IF(H7="","",IF(H7>$H$5,"🔴 Over Limit",IF(H7>$H$5*0.9,"🟡 Warning","✅ OK"))) -> 🔴 Over Limit | K7: =IF(I7="","",IF(I7>$I$5,"🔴 Over Limit",IF(I7>$I$5*0.9,"🟡 Warning","✅ OK"))) -> 🔴 Over Limit | L7: 0.96.0
B8: otel-dc2-02 | C8: Prod | D8: 16 | E8: 64 | F8: 0.96.0 | G8: traces,metrics | H8: 0.78 | I8: 0.79 | J8: =IF(H8="","",IF(H8>$H$5,"🔴 Over Limit",IF(H8>$H$5*0.9,"🟡 Warning","✅ OK"))) -> 🔴 Over Limit | K8: =IF(I8="","",IF(I8>$I$5,"🔴 Over Limit",IF(I8>$I$5*0.9,"🟡 Warning","✅ OK"))) -> 🔴 Over Limit | L8: 0.96.0
J9: =IF(H9="","",IF(H9>$H$5,"🔴 Over Limit",IF(H9>$H$5*0.9,"🟡 Warning","✅ OK"))) | K9: =IF(I9="","",IF(I9>$I$5,"🔴 Over Limit",IF(I9>$I$5*0.9,"🟡 Warning","✅ OK")))
J10: =IF(H10="","",IF(H10>$H$5,"🔴 Over Limit",IF(H10>$H$5*0.9,"🟡 Warning","✅ OK"))) | K10: =IF(I10="","",IF(I10>$I$5,"🔴 Over Limit",IF(I10>$I$5*0.9,"🟡 Warning","✅ OK")))
J11: =IF(H11="","",IF(H11>$H$5,"🔴 Over Limit",IF(H11>$H$5*0.9,"🟡 Warning","✅ OK"))) | K11: =IF(I11="","",IF(I11>$I$5,"🔴 Over Limit",IF(I11>$I$5*0.9,"🟡 Warning","✅ OK")))
J12: =IF(H12="","",IF(H12>$H$5,"🔴 Over Limit",IF(H12>$H$5*0.9,"🟡 Warning","✅ OK"))) | K12: =IF(I12="","",IF(I12>$I$5,"🔴 Over Limit",IF(I12>$I$5*0.9,"🟡 Warning","✅ OK")))
J13: =IF(H13="","",IF(H13>$H$5,"🔴 Over Limit",IF(H13>$H$5*0.9,"🟡 Warning","✅ OK"))) | K13: =IF(I13="","",IF(I13>$I$5,"🔴 Over Limit",IF(I13>$I$5*0.9,"🟡 Warning","✅ OK")))
J14: =IF(H14="","",IF(H14>$H$5,"🔴 Over Limit",IF(H14>$H$5*0.9,"🟡 Warning","✅ OK"))) | K14: =IF(I14="","",IF(I14>$I$5,"🔴 Over Limit",IF(I14>$I$5*0.9,"🟡 Warning","✅ OK")))
J15: =IF(H15="","",IF(H15>$H$5,"🔴 Over Limit",IF(H15>$H$5*0.9,"🟡 Warning","✅ OK"))) | K15: =IF(I15="","",IF(I15>$I$5,"🔴 Over Limit",IF(I15>$I$5*0.9,"🟡 Warning","✅ OK")))
J16: =IF(H16="","",IF(H16>$H$5,"🔴 Over Limit",IF(H16>$H$5*0.9,"🟡 Warning","✅ OK"))) | K16: =IF(I16="","",IF(I16>$I$5,"🔴 Over Limit",IF(I16>$I$5*0.9,"🟡 Warning","✅ OK")))
J17: =IF(H17="","",IF(H17>$H$5,"🔴 Over Limit",IF(H17>$H$5*0.9,"🟡 Warning","✅ OK"))) | K17: =IF(I17="","",IF(I17>$I$5,"🔴 Over Limit",IF(I17>$I$5*0.9,"🟡 Warning","✅ OK")))
J18: =IF(H18="","",IF(H18>$H$5,"🔴 Over Limit",IF(H18>$H$5*0.9,"🟡 Warning","✅ OK"))) | K18: =IF(I18="","",IF(I18>$I$5,"🔴 Over Limit",IF(I18>$I$5*0.9,"🟡 Warning","✅ OK")))
J19: =IF(H19="","",IF(H19>$H$5,"🔴 Over Limit",IF(H19>$H$5*0.9,"🟡 Warning","✅ OK"))) | K19: =IF(I19="","",IF(I19>$I$5,"🔴 Over Limit",IF(I19>$I$5*0.9,"🟡 Warning","✅ OK")))
J20: =IF(H20="","",IF(H20>$H$5,"🔴 Over Limit",IF(H20>$H$5*0.9,"🟡 Warning","✅ OK"))) | K20: =IF(I20="","",IF(I20>$I$5,"🔴 Over Limit",IF(I20>$I$5*0.9,"🟡 Warning","✅ OK")))
... J56: =IF(H56="","",IF(H56>$H$5,"🔴 Over Limit",IF(H56>$H$5*0.9,"🟡 Warning","✅ OK"))) | K56: =IF(I56="","",IF(I56>$I$5,"🔴 Over Limit",IF(I56>$I$5*0.9,"🟡 Warning","✅ OK")))

Sheet 📡 DC2 Metrics
B1: DC2-US-West – OTel Collector Span Metrics & Drop Analysis
B2: Source: otelcol_exporter_sent_spans | otelcol_exporter_enqueue_failed_spans | otelcol_exporter_queue_size/capacity
B3: DC2-US-West — SPAN METRICS SUMMARY
B4: Summary → | C4: =SUM(E7:E56) -> 134000 | D4: =SUM(F7:F56) -> 7700 | E4: =IFERROR(D4/(C4+D4),0) -> 0.054340155 | F4: =IFERROR(AVERAGEIF(J7:J56,">0"),0) -> 0.9675 | G4: =COUNTIF(F7:F56,">0") -> 2
B6: Server / Node | C6: Time Window | D6: Spans Recv/s | E6: Spans Sent/s (OK) | F6: Spans Dropped | G6: Drop Rate % | H6: Queue Capacity | I6: Queue Size | J6: Queue Fill % | K6: Drop Reason
B7: otel-dc2-01 | C7: Last 1h | D7: 78000 | E7: 71000 | F7: 6500 | G7: =IFERROR(F7/(E7+F7),0) -> 0.083870968 | H7: 10000 | I7: 9950 | J7: =IFERROR(I7/H7,0) -> 0.995 | K7: =IF(F7>0,IF(J7>0.9,"🔴 OOM/Queue Full","🟡 Queue Overflow"),"✅ None") -> 🔴 OOM/Queue Full
B8: otel-dc2-02 | C8: Last 1h | D8: 65000 | E8: 63000 | F8: 1200 | G8: =IFERROR(F8/(E8+F8),0) -> 0.018691589 | H8: 10000 | I8: 9400 | J8: =IFERROR(I8/H8,0) -> 0.94 | K8: =IF(F8>0,IF(J8>0.9,"🔴 OOM/Queue Full","🟡 Queue Overflow"),"✅ None") -> 🔴 OOM/Queue Full
G9: =IFERROR(F9/(E9+F9),0) -> 0 | J9: =IFERROR(I9/H9,0) -> 0 | K9: =IF(F9>0,IF(J9>0.9,"🔴 OOM/Queue Full","🟡 Queue Overflow"),"✅ None") -> ✅ None
G10: =IFERROR(F10/(E10+F10),0) -> 0 | J10: =IFERROR(I10/H10,0) -> 0 | K10: =IF(F10>0,IF(J10>0.9,"🔴 OOM/Queue Full","🟡 Queue Overflow"),"✅ None") -> ✅ None
G11: =IFERROR(F11/(E11+F11),0) -> 0 | J11: =IFERROR(I11/H11,0) -> 0 | K11: =IF(F11>0,IF(J11>0.9,"🔴 OOM/Queue Full","🟡 Queue Overflow"),"✅ None") -> ✅ None
G12: =IFERROR(F12/(E12+F12),0) -> 0 | J12: =IFERROR(I12/H12,0) -> 0 | K12: =IF(F12>0,IF(J12>0.9,"🔴 OOM/Queue Full","🟡 Queue Overflow"),"✅ None") -> ✅ None
G13: =IFERROR(F13/(E13+F13),0) -> 0 | J13: =IFERROR(I13/H13,0) -> 0 | K13: =IF(F13>0,IF(J13>0.9,"🔴 OOM/Queue Full","🟡 Queue Overflow"),"✅ None") -> ✅ None
G14: =IFERROR(F14/(E14+F14),0) -> 0 | J14: =IFERROR(I14/H14,0) -> 0 | K14: =IF(F14>0,IF(J14>0.9,"🔴 OOM/Queue Full","🟡 Queue Overflow"),"✅ None") -> ✅ None
G15: =IFERROR(F15/(E15+F15),0) -> 0 | J15: =IFERROR(I15/H15,0) -> 0 | K15: =IF(F15>0,IF(J15>0.9,"🔴 OOM/Queue Full","🟡 Queue Overflow"),"✅ None") -> ✅ None
G16: =IFERROR(F16/(E16+F16),0) -> 0 | J16: =IFERROR(I16/H16,0) -> 0 | K16: =IF(F16>0,IF(J16>0.9,"🔴 OOM/Queue Full","🟡 Queue Overflow"),"✅ None") -> ✅ None
G17: =IFERROR(F17/(E17+F17),0) -> 0 | J17: =IFERROR(I17/H17,0) -> 0 | K17: =IF(F17>0,IF(J17>0.9,"🔴 OOM/Queue Full","🟡 Queue Overflow"),"✅ None") -> ✅ None
G18: =IFERROR(F18/(E18+F18),0) -> 0 | J18: =IFERROR(I18/H18,0) -> 0 | K18: =IF(F18>0,IF(J18>0.9,"🔴 OOM/Queue Full","🟡 Queue Overflow"),"✅ None") -> ✅ None
G19: =IFERROR(F19/(E19+F19),0) -> 0 | J19: =IFERROR(I19/H19,0) -> 0 | K19: =IF(F19>0,IF(J19>0.9,"🔴 OOM/Queue Full","🟡 Queue Overflow"),"✅ None") -> ✅ None
G20: =IFERROR(F20/(E20+F20),0) -> 0 | J20: =IFERROR(I20/H20,0) -> 0 | K20: =IF(F20>0,IF(J20>0.9,"🔴 OOM/Queue Full","🟡 Queue Overflow"),"✅ None") -> ✅ None
... G56: =IFERROR(F56/(E56+F56),0) -> 0 | J56: =IFERROR(I56/H56,0) -> 0 | K56: =IF(F56>0,IF(J56>0.9,"🔴 OOM/Queue Full","🟡 Queue Overflow"),"✅ None") -> ✅ None

Sheet ⚡ DC2 Capacity
B1: DC2-US-West – Capacity Planning Model
B3: A. CURRENT STATE (Auto-pulled from Inventory & Metrics sheets)
B4: Current collector nodes | C4: ='🖥 DC2 Inventory'!C4 -> 2 | D4: nodes
B5: Avg CPU utilization | C5: ='🖥 DC2 Inventory'!H4 -> 0.8 | D5: %
B6: Avg Memory utilization | C6: ='🖥 DC2 Inventory'!I4 -> 0.835 | D6: %
B7: Total vCPUs in fleet | C7: ='🖥 DC2 Inventory'!D4 -> 32 | D7: vCPUs
B8: Total RAM in fleet (GB) | C8: ='🖥 DC2 Inventory'!E4 -> 128 | D8: GB
B9: Total spans/s sent (success) | C9: ='📡 DC2 Metrics'!C4 -> 134000 | D9: spans/s
B10: Total spans dropped | C10: ='📡 DC2 Metrics'!D4 -> 7700 | D10: spans
B11: Fleet-wide drop rate | C11: ='📡 DC2 Metrics'!E4 -> 0.054340155 | D11: %
B12: Nodes with active drops | C12: ='📡 DC2 Metrics'!G4 -> 2 | D12: nodes
B14: B. CAPACITY PLANNING ASSUMPTIONS (Blue = editable per DC)
B15: Target CPU utilization (safe ceiling) | C15: 0.65 | D15: % | E15: 65% leaves headroom for traffic bursts
B16: Target Memory utilization (safe ceiling) | C16: 0.7 | D16: % | E16: 70% buffer for GC & queue memory
B17: Expected span growth rate (next 6 months) | C17: 0.3 | D17: % | E17: Adjust per DC traffic forecast
B18: Max spans/s per collector node (observed peak) | C18: 15000 | D18: spans/s | E18: Benchmark from this DC; adjust for HW
B19: Safety buffer multiplier | C19: 1.2 | D19: x | E19: 1.2 = 20% extra headroom
B20: vCPUs per new server (spec) | C20: 8 | D20: vCPUs | E20: Spec of servers to be added
B21: RAM per new server (GB spec) | C21: 32 | D21: GB | E21: Spec of servers to be added
B23: C. CAPACITY CALCULATIONS (All formulas – do not edit)
B24: Projected spans/s after growth | C24: =C10*(1+C17) -> 10010 | E24: Current spans × (1 + growth rate)
B25: Required nodes – Span Throughput | C25: =CEILING(C24/C18,1) -> 1 | E25: Projected spans ÷ max spans/node
B26: Required nodes – CPU Headroom | C26: =CEILING(C4*(C5/C15),1) -> 3 | E26: Current nodes × (current CPU ÷ target CPU)
B27: Required nodes – Memory Headroom | C27: =CEILING(C4*(C6/C16),1) -> 3 | E27: Current nodes × (current Mem ÷ target Mem)
B28: Worst-case required nodes | C28: =MAX(C25,C26,C27) -> 3 | E28: Max across all 3 constraints
B29: After safety buffer | C29: =CEILING(C28*C19,1) -> 4 | E29: Worst-case × safety multiplier
B30: ➤ ADDITIONAL SERVERS NEEDED | C30: =MAX(0,C29-C4) -> 2 | D30: servers | E30: Required (with buffer) minus current fleet
B31: Total fleet size after scale-out | C31: =C4+C30 -> 4 | E31: Current + additional
B32: New vCPUs added | C32: =C30*C20 -> 16 | E32: New servers × vCPUs per server
B33: New RAM added (GB) | C33: =C30*C21 -> 64 | E33: New servers × RAM per server
B35: D. RECOMMENDATION
B36: Decision | C36: =IF(C30>0,"⚠️ ADD "&C30&" SERVER(S) to DC2-US-West to prevent data loss","✅ Current DC2-US-West fleet is sufficient") -> ⚠️ ADD 2 SERVER(S) to DC2-US-West to prevent data loss
B37: Binding constraint | C37: =IF(AND(C26>=C25,C26>=C27),"Memory is bottleneck",IF(AND(C27>=C25,C27>=C26),"Span throughput is bottleneck","CPU is bottleneck")) -> Memory is bottleneck
B38: Urgency | C38: =IF(C11>0,"🔴 IMMEDIATE – Drops actively occurring",IF(C5>0.8,"🟡 HIGH – CPU critical",IF(C6>0.85,"🟡 HIGH – Memory critical","🟢 PLANNED – Scale before growth"))) -> 🔴 IMMEDIATE – Drops actively occurring
B39: Timeline | C39: =IF(C11>0,"Scale within 1-2 weeks",IF(C30>0,"Plan scale-out within 1-3 months","No action needed now")) -> Scale within 1-2 weeks

Sheet 🖥 DC3 Inventory
B1: DC3-EU-Central – OTel Collector Server Inventory & Resource Utilization
B2: Blue cells = manual input. Pull CPU/Mem from Splunk IM, Prometheus node_exporter, or CloudWatch.
B3: DC3-EU-Central — FLEET SUMMARY (Auto-calculated)
B4: Summary → | C4: =COUNTA(B7:B56) -> 2 | D4: =SUM(D7:D56) -> 12 | E4: =SUM(E7:E56) -> 48 | H4: =IFERROR(AVERAGEIF(H7:H56,">0"),0) -> 0.415 | I4: =IFERROR(AVERAGEIF(I7:I56,">0"),0) -> 0.48 | J4: =COUNTIF(H7:H56,">"&H5) -> 0 | K4: =COUNTIF(I7:I56,">"&I5) -> 0
B5: ▶ Thresholds (editable) → | H5: 0.7 | I5: 0.75 | J5: CPU threshold ↑ | K5: Mem threshold ↑ | L5: ← Edit H5/I5 to change
B6: Server / Node Name | C6: Environment | D6: vCPUs | E6: RAM (GB) | F6: Collector Version | G6: Pipelines | H6: CPU Util % | I6: Mem Util % | J6: CPU Status | K6: Mem Status | L6: Notes / Tags
B7: otel-dc3-01 | C7: Prod | D7: 8 | E7: 32 | F7: 0.95.0 | G7: traces | H7: 0.45 | I7: 0.52 | J7: =IF(H7="","",IF(H7>$H$5,"🔴 Over Limit",IF(H7>$H$5*0.9,"🟡 Warning","✅ OK"))) -> ✅ OK | K7: =IF(I7="","",IF(I7>$I$5,"🔴 Over Limit",IF(I7>$I$5*0.9,"🟡 Warning","✅ OK"))) -> ✅ OK | L7: 0.95.0
B8: otel-dc3-02 | C8: Staging | D8: 4 | E8: 16 | F8: 0.95.0 | G8: traces,logs | H8: 0.38 | I8: 0.44 | J8: =IF(H8="","",IF(H8>$H$5,"🔴 Over Limit",IF(H8>$H$5*0.9,"🟡 Warning","✅ OK"))) -> ✅ OK | K8: =IF(I8="","",IF(I8>$I$5,"🔴 Over Limit",IF(I8>$I$5*0.9,"🟡 Warning","✅ OK"))) -> ✅ OK | L8: 0.95.0
J9: =IF(H9="","",IF(H9>$H$5,"🔴 Over Limit",IF(H9>$H$5*0.9,"🟡 Warning","✅ OK"))) | K9: =IF(I9="","",IF(I9>$I$5,"🔴 Over Limit",IF(I9>$I$5*0.9,"🟡 Warning","✅ OK")))
J10: =IF(H10="","",IF(H10>$H$5,"🔴 Over Limit",IF(H10>$H$5*0.9,"🟡 Warning","✅ OK"))) | K10: =IF(I10="","",IF(I10>$I$5,"🔴 Over Limit",IF(I10>$I$5*0.9,"🟡 Warning","✅ OK")))
J11: =IF(H11="","",IF(H11>$H$5,"🔴 Over Limit",IF(H11>$H$5*0.9,"🟡 Warning","✅ OK"))) | K11: =IF(I11="","",IF(I11>$I$5,"🔴 Over Limit",IF(I11>$I$5*0.9,"🟡 Warning","✅ OK")))
J12: =IF(H12="","",IF(H12>$H$5,"🔴 Over Limit",IF(H12>$H$5*0.9,"🟡 Warning","✅ OK"))) | K12: =IF(I12="","",IF(I12>$I$5,"🔴 Over Limit",IF(I12>$I$5*0.9,"🟡 Warning","✅ OK")))
J13: =IF(H13="","",IF(H13>$H$5,"🔴 Over Limit",IF(H13>$H$5*0.9,"🟡 Warning","✅ OK"))) | K13: =IF(I13="","",IF(I13>$I$5,"🔴 Over Limit",IF(I13>$I$5*0.9,"🟡 Warning","✅ OK")))
J14: =IF(H14="","",IF(H14>$H$5,"🔴 Over Limit",IF(H14>$H$5*0.9,"🟡 Warning","✅ OK"))) | K14: =IF(I14="","",IF(I14>$I$5,"🔴 Over Limit",IF(I14>$I$5*0.9,"🟡 Warning","✅ OK")))
J15: =IF(H15="","",IF(H15>$H$5,"🔴 Over Limit",IF(H15>$H$5*0.9,"🟡 Warning","✅ OK"))) | K15: =IF(I15="","",IF(I15>$I$5,"🔴 Over Limit",IF(I15>$I$5*0.9,"🟡 Warning","✅ OK")))
J16: =IF(H16="","",IF(H16>$H$5,"🔴 Over Limit",IF(H16>$H$5*0.9,"🟡 Warning","✅ OK"))) | K16: =IF(I16="","",IF(I16>$I$5,"🔴 Over Limit",IF(I16>$I$5*0.9,"🟡 Warning","✅ OK")))
J17: =IF(H17="","",IF(H17>$H$5,"🔴 Over Limit",IF(H17>$H$5*0.9,"🟡 Warning","✅ OK"))) | K17: =IF(I17="","",IF(I17>$I$5,"🔴 Over Limit",IF(I17>$I$5*0.9,"🟡 Warning","✅ OK")))
J18: =IF(H18="","",IF(H18>$H$5,"🔴 Over Limit",IF(H18>$H$5*0.9,"🟡 Warning","✅ OK"))) | K18: =IF(I18="","",IF(I18>$I$5,"🔴 Over Limit",IF(I18>$I$5*0.9,"🟡 Warning","✅ OK")))
J19: =IF(H19="","",IF(H19>$H$5,"🔴 Over Limit",IF(H19>$H$5*0.9,"🟡 Warning","✅ OK"))) | K19: =IF(I19="","",IF(I19>$I$5,"🔴 Over Limit",IF(I19>$I$5*0.9,"🟡 Warning","✅ OK")))
J20: =IF(H20="","",IF(H20>$H$5,"🔴 Over Limit",IF(H20>$H$5*0.9,"🟡 Warning","✅ OK"))) | K20: =IF(I20="","",IF(I20>$I$5,"🔴 Over Limit",IF(I20>$I$5*0.9,"🟡 Warning","✅ OK")))
... J56: =IF(H56="","",IF(H56>$H$5,"🔴 Over Limit",IF(H56>$H$5*0.9,"🟡 Warning","✅ OK"))) | K56: =IF(I56="","",IF(I56>$I$5,"🔴 Over Limit",IF(I56>$I$5*0.9,"🟡 Warning","✅ OK")))

Sheet 📡 DC3 Metrics
B1: DC3-EU-Central – OTel Collector Span Metrics & Drop Analysis
B2: Source: otelcol_exporter_sent_spans | otelcol_exporter_enqueue_failed_spans | otelcol_exporter_queue_size/capacity
B3: DC3-EU-Central — SPAN METRICS SUMMARY
B4: Summary → | C4: =SUM(E7:E56) -> 33930 | D4: =SUM(F7:F56) -> 40 | E4: =IFERROR(D4/(C4+D4),0) -> 0.0011775096 | F4: =IFERROR(AVERAGEIF(J7:J56,">0"),0) -> 0.295 | G4: =COUNTIF(F7:F56,">0") -> 2
B6: Server / Node | C6: Time Window | D6: Spans Recv/s | E6: Spans Sent/s (OK) | F6: Spans Dropped | G6: Drop Rate % | H6: Queue Capacity | I6: Queue Size | J6: Queue Fill % | K6: Drop Reason
B7: otel-dc3-01 | C7: Last 1h | D7: 22000 | E7: 21950 | F7: 30 | G7: =IFERROR(F7/(E7+F7),0) -> 0.0013648772 | H7: 10000 | I7: 3800 | J7: =IFERROR(I7/H7,0) -> 0.38 | K7: =IF(F7>0,IF(J7>0.9,"🔴 OOM/Queue Full","🟡 Queue Overflow"),"✅ None") -> 🟡 Queue Overflow
B8: otel-dc3-02 | C8: Last 1h | D8: 12000 | E8: 11980 | F8: 10 | G8: =IFERROR(F8/(E8+F8),0) -> 0.00083402836 | H8: 10000 | I8: 2100 | J8: =IFERROR(I8/H8,0) -> 0.21 | K8: =IF(F8>0,IF(J8>0.9,"🔴 OOM/Queue Full","🟡 Queue Overflow"),"✅ None") -> 🟡 Queue Overflow
G9: =IFERROR(F9/(E9+F9),0) -> 0 | J9: =IFERROR(I9/H9,0) -> 0 | K9: =IF(F9>0,IF(J9>0.9,"🔴 OOM/Queue Full","🟡 Queue Overflow"),"✅ None") -> ✅ None
G10: =IFERROR(F10/(E10+F10),0) -> 0 | J10: =IFERROR(I10/H10,0) -> 0 | K10: =IF(F10>0,IF(J10>0.9,"🔴 OOM/Queue Full","🟡 Queue Overflow"),"✅ None") -> ✅ None
G11: =IFERROR(F11/(E11+F11),0) -> 0 | J11: =IFERROR(I11/H11,0) -> 0 | K11: =IF(F11>0,IF(J11>0.9,"🔴 OOM/Queue Full","🟡 Queue Overflow"),"✅ None") -> ✅ None
G12: =IFERROR(F12/(E12+F12),0) -> 0 | J12: =IFERROR(I12/H12,0) -> 0 | K12: =IF(F12>0,IF(J12>0.9,"🔴 OOM/Queue Full","🟡 Queue Overflow"),"✅ None") -> ✅ None
G13: =IFERROR(F13/(E13+F13),0) -> 0 | J13: =IFERROR(I13/H13,0) -> 0 | K13: =IF(F13>0,IF(J13>0.9,"🔴 OOM/Queue Full","🟡 Queue Overflow"),"✅ None") -> ✅ None
G14: =IFERROR(F14/(E14+F14),0) -> 0 | J14: =IFERROR(I14/H14,0) -> 0 | K14: =IF(F14>0,IF(J14>0.9,"🔴 OOM/Queue Full","🟡 Queue Overflow"),"✅ None") -> ✅ None
G15: =IFERROR(F15/(E15+F15),0) -> 0 | J15: =IFERROR(I15/H15,0) -> 0 | K15: =IF(F15>0,IF(J15>0.9,"🔴 OOM/Queue Full","🟡 Queue Overflow"),"✅ None") -> ✅ None
G16: =IFERROR(F16/(E16+F16),0) -> 0 | J16: =IFERROR(I16/H16,0) -> 0 | K16: =IF(F16>0,IF(J16>0.9,"🔴 OOM/Queue Full","🟡 Queue Overflow"),"✅ None") -> ✅ None
G17: =IFERROR(F17/(E17+F17),0) -> 0 | J17: =IFERROR(I17/H17,0) -> 0 | K17: =IF(F17>0,IF(J17>0.9,"🔴 OOM/Queue Full","🟡 Queue Overflow"),"✅ None") -> ✅ None
G18: =IFERROR(F18/(E18+F18),0) -> 0 | J18: =IFERROR(I18/H18,0) -> 0 | K18: =IF(F18>0,IF(J18>0.9,"🔴 OOM/Queue Full","🟡 Queue Overflow"),"✅ None") -> ✅ None
G19: =IFERROR(F19/(E19+F19),0) -> 0 | J19: =IFERROR(I19/H19,0) -> 0 | K19: =IF(F19>0,IF(J19>0.9,"🔴 OOM/Queue Full","🟡 Queue Overflow"),"✅ None") -> ✅ None
G20: =IFERROR(F20/(E20+F20),0) -> 0 | J20: =IFERROR(I20/H20,0) -> 0 | K20: =IF(F20>0,IF(J20>0.9,"🔴 OOM/Queue Full","🟡 Queue Overflow"),"✅ None") -> ✅ None
... G56: =IFERROR(F56/(E56+F56),0) -> 0 | J56: =IFERROR(I56/H56,0) -> 0 | K56: =IF(F56>0,IF(J56>0.9,"🔴 OOM/Queue Full","🟡 Queue Overflow"),"✅ None") -> ✅ None

Sheet ⚡ DC3 Capacity
B1: DC3-EU-Central – Capacity Planning Model
B3: A. CURRENT STATE (Auto-pulled from Inventory & Metrics sheets)
B4: Current collector nodes | C4: ='🖥 DC3 Inventory'!C4 -> 2 | D4: nodes
B5: Avg CPU utilization | C5: ='🖥 DC3 Inventory'!H4 -> 0.415 | D5: %
B6: Avg Memory utilization | C6: ='🖥 DC3 Inventory'!I4 -> 0.48 | D6: %
B7: Total vCPUs in fleet | C7: ='🖥 DC3 Inventory'!D4 -> 12 | D7: vCPUs
B8: Total RAM in fleet (GB) | C8: ='🖥 DC3 Inventory'!E4 -> 48 | D8: GB
B9: Total spans/s sent (success) | C9: ='📡 DC3 Metrics'!C4 -> 33930 | D9: spans/s
B10: Total spans dropped | C10: ='📡 DC3 Metrics'!D4 -> 40 | D10: spans
B11: Fleet-wide drop rate | C11: ='📡 DC3 Metrics'!E4 -> 0.0011775096 | D11: %
B12: Nodes with active drops | C12: ='📡 DC3 Metrics'!G4 -> 2 | D12: nodes
B14: B. CAPACITY PLANNING ASSUMPTIONS (Blue = editable per DC)
B15: Target CPU utilization (safe ceiling) | C15: 0.65 | D15: % | E15: 65% leaves headroom for traffic bursts
B16: Target Memory utilization (safe ceiling) | C16: 0.7 | D16: % | E16: 70% buffer for GC & queue memory
B17: Expected span growth rate (next 6 months) | C17: 0.3 | D17: % | E17: Adjust per DC traffic forecast
B18: Max spans/s per collector node (observed peak) | C18: 15000 | D18: spans/s | E18: Benchmark from this DC; adjust for HW
B19: Safety buffer multiplier | C19: 1.2 | D19: x | E19: 1.2 = 20% extra headroom
B20: vCPUs per new server (spec) | C20: 8 | D20: vCPUs | E20: Spec of servers to be added
B21: RAM per new server (GB spec) | C21: 32 | D21: GB | E21: Spec of servers to be added
B23: C. CAPACITY CALCULATIONS (All formulas – do not edit)
B24: Projected spans/s after growth | C24: =C10*(1+C17) -> 52 | E24: Current spans × (1 + growth rate)
B25: Required nodes – Span Throughput | C25: =CEILING(C24/C18,1) -> 1 | E25: Projected spans ÷ max spans/node
B26: Required nodes – CPU Headroom | C26: =CEILING(C4*(C5/C15),1) -> 2 | E26: Current nodes × (current CPU ÷ target CPU)
B27: Required nodes – Memory Headroom | C27: =CEILING(C4*(C6/C16),1) -> 2 | E27: Current nodes × (current Mem ÷ target Mem)
B28: Worst-case required nodes | C28: =MAX(C25,C26,C27) -> 2 | E28: Max across all 3 constraints
B29: After safety buffer | C29: =CEILING(C28*C19,1) -> 3 | E29: Worst-case × safety multiplier
B30: ➤ ADDITIONAL SERVERS NEEDED | C30: =MAX(0,C29-C4) -> 1 | D30: servers | E30: Required (with buffer) minus current fleet
B31: Total fleet size after scale-out | C31: =C4+C30 -> 3 | E31: Current + additional
B32: New vCPUs added | C32: =C30*C20 -> 8 | E32: New servers × vCPUs per server
B33: New RAM added (GB) | C33: =C30*C21 -> 32 | E33: New servers × RAM per server
B35: D. RECOMMENDATION
B36: Decision | C36: =IF(C30>0,"⚠️ ADD "&C30&" SERVER(S) to DC3-EU-Central to prevent data loss","✅ Current DC3-EU-Central fleet is sufficient") -> ⚠️ ADD 1 SERVER(S) to DC3-EU-Central to prevent data loss
B37: Binding constraint | C37: =IF(AND(C26>=C25,C26>=C27),"Memory is bottleneck",IF(AND(C27>=C25,C27>=C26),"Span throughput is bottleneck","CPU is bottleneck")) -> Memory is bottleneck
B38: Urgency | C38: =IF(C11>0,"🔴 IMMEDIATE – Drops actively occurring",IF(C5>0.8,"🟡 HIGH – CPU critical",IF(C6>0.85,"🟡 HIGH – Memory critical","🟢 PLANNED – Scale before growth"))) -> 🔴 IMMEDIATE – Drops actively occurring
B39: Timeline | C39: =IF(C11>0,"Scale within 1-2 weeks",IF(C30>0,"Plan scale-out within 1-3 months","No action needed now")) -> Scale within 1-2 weeks

Sheet 🖥 DC4 Inventory
B1: DC4-APAC – OTel Collector Server Inventory & Resource Utilization
B2: Blue cells = manual input. Pull CPU/Mem from Splunk IM, Prometheus node_exporter, or CloudWatch.
B3: DC4-APAC — FLEET SUMMARY (Auto-calculated)
B4: Summary → | C4: =COUNTA(B7:B56) -> 1 | D4: =SUM(D7:D56) -> 8 | E4: =SUM(E7:E56) -> 32 | H4: =IFERROR(AVERAGEIF(H7:H56,">0"),0) -> 0.61 | I4: =IFERROR(AVERAGEIF(I7:I56,">0"),0) -> 0.67 | J4: =COUNTIF(H7:H56,">"&H5) -> 0 | K4: =COUNTIF(I7:I56,">"&I5) -> 0
B5: ▶ Thresholds (editable) → | H5: 0.7 | I5: 0.75 | J5: CPU threshold ↑ | K5: Mem threshold ↑ | L5: ← Edit H5/I5 to change
B6: Server / Node Name | C6: Environment | D6: vCPUs | E6: RAM (GB) | F6: Collector Version | G6: Pipelines | H6: CPU Util % | I6: Mem Util % | J6: CPU Status | K6: Mem Status | L6: Notes / Tags
B7: otel-dc4-01 | C7: Prod | D7: 8 | E7: 32 | F7: 0.96.0 | G7: traces,metrics,logs | H7: 0.61 | I7: 0.67 | J7: =IF(H7="","",IF(H7>$H$5,"🔴 Over Limit",IF(H7>$H$5*0.9,"🟡 Warning","✅ OK"))) -> ✅ OK | K7: =IF(I7="","",IF(I7>$I$5,"🔴 Over Limit",IF(I7>$I$5*0.9,"🟡 Warning","✅ OK"))) -> ✅ OK | L7: 0.96.0
J8: =IF(H8="","",IF(H8>$H$5,"🔴 Over Limit",IF(H8>$H$5*0.9,"🟡 Warning","✅ OK"))) | K8: =IF(I8="","",IF(I8>$I$5,"🔴 Over Limit",IF(I8>$I$5*0.9,"🟡 Warning","✅ OK")))
J9: =IF(H9="","",IF(H9>$H$5,"🔴 Over Limit",IF(H9>$H$5*0.9,"🟡 Warning","✅ OK"))) | K9: =IF(I9="","",IF(I9>$I$5,"🔴 Over Limit",IF(I9>$I$5*0.9,"🟡 Warning","✅ OK")))
J10: =IF(H10="","",IF(H10>$H$5,"🔴 Over Limit",IF(H10>$H$5*0.9,"🟡 Warning","✅ OK"))) | K10: =IF(I10="","",IF(I10>$I$5,"🔴 Over Limit",IF(I10>$I$5*0.9,"🟡 Warning","✅ OK")))
J11: =IF(H11="","",IF(H11>$H$5,"🔴 Over Limit",IF(H11>$H$5*0.9,"🟡 Warning","✅ OK"))) | K11: =IF(I11="","",IF(I11>$I$5,"🔴 Over Limit",IF(I11>$I$5*0.9,"🟡 Warning","✅ OK")))
J12: =IF(H12="","",IF(H12>$H$5,"🔴 Over Limit",IF(H12>$H$5*0.9,"🟡 Warning","✅ OK"))) | K12: =IF(I12="","",IF(I12>$I$5,"🔴 Over Limit",IF(I12>$I$5*0.9,"🟡 Warning","✅ OK")))
J13: =IF(H13="","",IF(H13>$H$5,"🔴 Over Limit",IF(H13>$H$5*0.9,"🟡 Warning","✅ OK"))) | K13: =IF(I13="","",IF(I13>$I$5,"🔴 Over Limit",IF(I13>$I$5*0.9,"🟡 Warning","✅ OK")))
J14: =IF(H14="","",IF(H14>$H$5,"🔴 Over Limit",IF(H14>$H$5*0.9,"🟡 Warning","✅ OK"))) | K14: =IF(I14="","",IF(I14>$I$5,"🔴 Over Limit",IF(I14>$I$5*0.9,"🟡 Warning","✅ OK")))
J15: =IF(H15="","",IF(H15>$H$5,"🔴 Over Limit",IF(H15>$H$5*0.9,"🟡 Warning","✅ OK"))) | K15: =IF(I15="","",IF(I15>$I$5,"🔴 Over Limit",IF(I15>$I$5*0.9,"🟡 Warning","✅ OK")))
J16: =IF(H16="","",IF(H16>$H$5,"🔴 Over Limit",IF(H16>$H$5*0.9,"🟡 Warning","✅ OK"))) | K16: =IF(I16="","",IF(I16>$I$5,"🔴 Over Limit",IF(I16>$I$5*0.9,"🟡 Warning","✅ OK")))
J17: =IF(H17="","",IF(H17>$H$5,"🔴 Over Limit",IF(H17>$H$5*0.9,"🟡 Warning","✅ OK"))) | K17: =IF(I17="","",IF(I17>$I$5,"🔴 Over Limit",IF(I17>$I$5*0.9,"🟡 Warning","✅ OK")))
J18: =IF(H18="","",IF(H18>$H$5,"🔴 Over Limit",IF(H18>$H$5*0.9,"🟡 Warning","✅ OK"))) | K18: =IF(I18="","",IF(I18>$I$5,"🔴 Over Limit",IF(I18>$I$5*0.9,"🟡 Warning","✅ OK")))
J19: =IF(H19="","",IF(H19>$H$5,"🔴 Over Limit",IF(H19>$H$5*0.9,"🟡 Warning","✅ OK"))) | K19: =IF(I19="","",IF(I19>$I$5,"🔴 Over Limit",IF(I19>$I$5*0.9,"🟡 Warning","✅ OK")))
... J56: =IF(H56="","",IF(H56>$H$5,"🔴 Over Limit",IF(H56>$H$5*0.9,"🟡 Warning","✅ OK"))) | K56: =IF(I56="","",IF(I56>$I$5,"🔴 Over Limit",IF(I56>$I$5*0.9,"🟡 Warning","✅ OK")))

Sheet 📡 DC4 Metrics
B1: DC4-APAC – OTel Collector Span Metrics & Drop Analysis
B2: Source: otelcol_exporter_sent_spans | otelcol_exporter_enqueue_failed_spans | otelcol_exporter_queue_size/capacity
B3: DC4-APAC — SPAN METRICS SUMMARY
B4: Summary → | C4: =SUM(E7:E56) -> 37500 | D4: =SUM(F7:F56) -> 400 | E4: =IFERROR(D4/(C4+D4),0) -> 0.01055409 | F4: =IFERROR(AVERAGEIF(J7:J56,">0"),0) -> 0.72 | G4: =COUNTIF(F7:F56,">0") -> 1
B6: Server / Node | C6: Time Window | D6: Spans Recv/s | E6: Spans Sent/s (OK) | F6: Spans Dropped | G6: Drop Rate % | H6: Queue Capacity | I6: Queue Size | J6: Queue Fill % | K6: Drop Reason
B7: otel-dc4-01 | C7: Last 1h | D7: 38000 | E7: 37500 | F7: 400 | G7: =IFERROR(F7/(E7+F7),0) -> 0.01055409 | H7: 10000 | I7: 7200 | J7: =IFERROR(I7/H7,0) -> 0.72 | K7: =IF(F7>0,IF(J7>0.9,"🔴 OOM/Queue Full","🟡 Queue Overflow"),"✅ None") -> 🟡 Queue Overflow
G8: =IFERROR(F8/(E8+F8),0) -> 0 | J8: =IFERROR(I8/H8,0) -> 0 | K8: =IF(F8>0,IF(J8>0.9,"🔴 OOM/Queue Full","🟡 Queue Overflow"),"✅ None") -> ✅ None
G9: =IFERROR(F9/(E9+F9),0) -> 0 | J9: =IFERROR(I9/H9,0) -> 0 | K9: =IF(F9>0,IF(J9>0.9,"🔴 OOM/Queue Full","🟡 Queue Overflow"),"✅ None") -> ✅ None
G10: =IFERROR(F10/(E10+F10),0) -> 0 | J10: =IFERROR(I10/H10,0) -> 0 | K10: =IF(F10>0,IF(J10>0.9,"🔴 OOM/Queue Full","🟡 Queue Overflow"),"✅ None") -> ✅ None
G11: =IFERROR(F11/(E11+F11),0) -> 0 | J11: =IFERROR(I11/H11,0) -> 0 | K11: =IF(F11>0,IF(J11>0.9,"🔴 OOM/Queue Full","🟡 Queue Overflow"),"✅ None") -> ✅ None
G12: =IFERROR(F12/(E12+F12),0) -> 0 | J12: =IFERROR(I12/H12,0) -> 0 | K12: =IF(F12>0,IF(J12>0.9,"🔴 OOM/Queue Full","🟡 Queue Overflow"),"✅ None") -> ✅ None
G13: =IFERROR(F13/(E13+F13),0) -> 0 | J13: =IFERROR(I13/H13,0) -> 0 | K13: =IF(F13>0,IF(J13>0.9,"🔴 OOM/Queue Full","🟡 Queue Overflow"),"✅ None") -> ✅ None
G14: =IFERROR(F14/(E14+F14),0) -> 0 | J14: =IFERROR(I14/H14,0) -> 0 | K14: =IF(F14>0,IF(J14>0.9,"🔴 OOM/Queue Full","🟡 Queue Overflow"),"✅ None") -> ✅ None
G15: =IFERROR(F15/(E15+F15),0) -> 0 | J15: =IFERROR(I15/H15,0) -> 0 | K15: =IF(F15>0,IF(J15>0.9,"🔴 OOM/Queue Full","🟡 Queue Overflow"),"✅ None") -> ✅ None
G16: =IFERROR(F16/(E16+F16),0) -> 0 | J16: =IFERROR(I16/H16,0) -> 0 | K16: =IF(F16>0,IF(J16>0.9,"🔴 OOM/Queue Full","🟡 Queue Overflow"),"✅ None") -> ✅ None
G17: =IFERROR(F17/(E17+F17),0) -> 0 | J17: =IFERROR(I17/H17,0) -> 0 | K17: =IF(F17>0,IF(J17>0.9,"🔴 OOM/Queue Full","🟡 Queue Overflow"),"✅ None") -> ✅ None
G18: =IFERROR(F18/(E18+F18),0) -> 0 | J18: =IFERROR(I18/H18,0) -> 0 | K18: =IF(F18>0,IF(J18>0.9,"🔴 OOM/Queue Full","🟡 Queue Overflow"),"✅ None") -> ✅ None
G19: =IFERROR(F19/(E19+F19),0) -> 0 | J19: =IFERROR(I19/H19,0) -> 0 | K19: =IF(F19>0,IF(J19>0.9,"🔴 OOM/Queue Full","🟡 Queue Overflow"),"✅ None") -> ✅ None
... G56: =IFERROR(F56/(E56+F56),0) -> 0 | J56: =IFERROR(I56/H56,0) -> 0 | K56: =IF(F56>0,IF(J56>0.9,"🔴 OOM/Queue Full","🟡 Queue Overflow"),"✅ None") -> ✅ None

Sheet ⚡ DC4 Capacity
B1: DC4-APAC – Capacity Planning Model
B3: A. CURRENT STATE (Auto-pulled from Inventory & Metrics sheets)
B4: Current collector nodes | C4: ='🖥 DC4 Inventory'!C4 -> 1 | D4: nodes
B5: Avg CPU utilization | C5: ='🖥 DC4 Inventory'!H4 -> 0.61 | D5: %
B6: Avg Memory utilization | C6: ='🖥 DC4 Inventory'!I4 -> 0.67 | D6: %
B7: Total vCPUs in fleet | C7: ='🖥 DC4 Inventory'!D4 -> 8 | D7: vCPUs
B8: Total RAM in fleet (GB) | C8: ='🖥 DC4 Inventory'!E4 -> 32 | D8: GB
B9: Total spans/s sent (success) | C9: ='📡 DC4 Metrics'!C4 -> 37500 | D9: spans/s
B10: Total spans dropped | C10: ='📡 DC4 Metrics'!D4 -> 400 | D10: spans
B11: Fleet-wide drop rate | C11: ='📡 DC4 Metrics'!E4 -> 0.01055409 | D11: %
B12: Nodes with active drops | C12: ='📡 DC4 Metrics'!G4 -> 1 | D12: nodes
B14: B. CAPACITY PLANNING ASSUMPTIONS (Blue = editable per DC)
B15: Target CPU utilization (safe ceiling) | C15: 0.65 | D15: % | E15: 65% leaves headroom for traffic bursts
B16: Target Memory utilization (safe ceiling) | C16: 0.7 | D16: % | E16: 70% buffer for GC & queue memory
B17: Expected span growth rate (next 6 months) | C17: 0.3 | D17: % | E17: Adjust per DC traffic forecast
B18: Max spans/s per collector node (observed peak) | C18: 15000 | D18: spans/s | E18: Benchmark from this DC; adjust for HW
B19: Safety buffer multiplier | C19: 1.2 | D19: x | E19: 1.2 = 20% extra headroom
B20: vCPUs per new server (spec) | C20: 8 | D20: vCPUs | E20: Spec of servers to be added
B21: RAM per new server (GB spec) | C21: 32 | D21: GB | E21: Spec of servers to be added
B23: C. CAPACITY CALCULATIONS (All formulas – do not edit)
B24: Projected spans/s after growth | C24: =C10*(1+C17) -> 520 | E24: Current spans × (1 + growth rate)
B25: Required nodes – Span Throughput | C25: =CEILING(C24/C18,1) -> 1 | E25: Projected spans ÷ max spans/node
B26: Required nodes – CPU Headroom | C26: =CEILING(C4*(C5/C15),1) -> 1 | E26: Current nodes × (current CPU ÷ target CPU)
B27: Required nodes – Memory Headroom | C27: =CEILING(C4*(C6/C16),1) -> 1 | E27: Current nodes × (current Mem ÷ target Mem)
B28: Worst-case required nodes | C28: =MAX(C25,C26,C27) -> 1 | E28: Max across all 3 constraints
B29: After safety buffer | C29: =CEILING(C28*C19,1) -> 2 | E29: Worst-case × safety multiplier
B30: ➤ ADDITIONAL SERVERS NEEDED | C30: =MAX(0,C29-C4) -> 1 | D30: servers | E30: Required (with buffer) minus current fleet
B31: Total fleet size after scale-out | C31: =C4+C30 -> 2 | E31: Current + additional
B32: New vCPUs added | C32: =C30*C20 -> 8 | E32: New servers × vCPUs per server
B33: New RAM added (GB) | C33: =C30*C21 -> 32 | E33: New servers × RAM per server
B35: D. RECOMMENDATION
B36: Decision | C36: =IF(C30>0,"⚠️ ADD "&C30&" SERVER(S) to DC4-APAC to prevent data loss","✅ Current DC4-APAC fleet is sufficient") -> ⚠️ ADD 1 SERVER(S) to DC4-APAC to prevent data loss
B37: Binding constraint | C37: =IF(AND(C26>=C25,C26>=C27),"Memory is bottleneck",IF(AND(C27>=C25,C27>=C26),"Span throughput is bottleneck","CPU is bottleneck")) -> Memory is bottleneck
B38: Urgency | C38: =IF(C11>0,"🔴 IMMEDIATE – Drops actively occurring",IF(C5>0.8,"🟡 HIGH – CPU critical",IF(C6>0.85,"🟡 HIGH – Memory critical","🟢 PLANNED – Scale before growth"))) -> 🔴 IMMEDIATE – Drops actively occurring
B39: Timeline | C39: =IF(C11>0,"Scale within 1-2 weeks",IF(C30>0,"Plan scale-out within 1-3 months","No action needed now")) -> Scale within 1-2 weeks
