Workbook

Sheet 📋 How To Use
B1: How To Use This Template
B3: STEP 1: Server Inventory sheet
B4: Add all your OTel collector nodes. For each node enter: Server name, vCPUs, RAM (GB), Avg CPU utilization %, Avg Memory utilization %. Pull CPU/Mem from Splunk IM, CloudWatch, or Prometheus node_exporter.
B6: STEP 2: Collector Metrics sheet
B7: For each collector node enter: Spans received/s, Spans exported/s (success), Spans dropped (from otelcol_exporter_enqueue_failed_spans metric), Queue capacity, Current queue size. Pull from OTel /metrics endpoint or Splunk APM.
B9: STEP 3: Capacity Model – Assumptions
B10: Review and adjust the blue assumption cells: target CPU %, target Mem %, expected span growth rate, max spans/s per node (benchmark from your environment), safety buffer, and new server specs (vCPU/RAM).
B12: STEP 4: Capacity Model – Results
B13: The model automatically calculates: Required nodes by throughput, CPU, and Memory; worst-case required fleet size; additional servers needed; and provides a recommendation with urgency level.
B15: STEP 5: Dashboard
B16: Review the executive summary. Share this tab with stakeholders. Red/yellow indicators signal immediate action. The recommendation row shows exactly how many servers to add.
B18: KEY METRICS: Where to get OTel metrics
... B25: CPU: rate(otelcol_process_cpu_seconds_total[5m]) * 100 Mem: otelcol_process_memory_rss / 1073741824 (GB) Drop rate: rate(otelcol_exporter_enqueue_failed_spans[5m]) / (rate(otelcol_exporter_sent_spans[5m]) + rate(otelcol_exporter_enqueue_failed_spans[5m])) Queue fill: otelcol_exporter_queue_size / otelcol_exporter_queue_capacity

Sheet 📊 Dashboard
B1: Splunk Observability Cloud – OTel Collector Capacity Analysis
B2: Executive Dashboard | Auto-calculated from 'Server Inventory' & 'Collector Metrics' sheets
B4: FLEET HEALTH SUMMARY
B5: Metric | C5: Current Value | D5: Threshold | E5: Status | F5: Recommendation
B6: Total Collector Nodes | C6: ='Server Inventory'!C4 -> 5 | D6: — | E6: =IF(C6>0,"✅ OK","⚠️ No Data") -> ✅ OK | F6: ="Fleet has "& C6 &" collector nodes" -> Fleet has 5 collector nodes
B7: Avg CPU Utilization (%) | C7: ='Server Inventory'!H4 -> 0.642 | D7: 70% | E7: =IF(C7>0.7,"🔴 Critical",IF(C7>0.6,"🟡 Warning","✅ OK")) -> 🟡 Warning | F7: =IF(C7>0.7,"Immediate scale-out required",IF(C7>0.6,"Monitor closely – approaching limit","Healthy")) -> Monitor closely – approaching limit
B8: Avg Memory Utilization (%) | C8: ='Server Inventory'!I4 -> 0.7 | D8: 75% | E8: =IF(C8>0.75,"🔴 Critical",IF(C8>0.65,"🟡 Warning","✅ OK")) -> 🟡 Warning | F8: =IF(C8>0.75,"Increase memory or add nodes",IF(C8>0.65,"Monitor – approaching limit","Healthy")) -> Monitor – approaching limit
B9: Total Spans/sec (Successful) | C9: ='Collector Metrics'!G4 -> 213150 | D9: — | E9: =IF(C9>0,"✅ Sending","⚠️ No Data") -> ✅ Sending | F9: ="Sending "& TEXT(C9,"#,##0") &" spans/sec" -> Sending 213,150 spans/sec
B10: Total OOM Drop Rate (%) | C10: ='Collector Metrics'!H4 -> 0.039562024 | D10: 0% | E10: =IF(C10>0.01,"🔴 Drops Detected",IF(C10>0,"🟡 Low Drops","✅ No Drops")) -> 🔴 Drops Detected | F10: =IF(C10>0.01,"Investigate exporter queue limits & add nodes","No action needed") -> Investigate exporter queue limits & add nodes
B11: Nodes at CPU Risk (>70%) | C11: ='Server Inventory'!J4 -> 2 | D11: 0 | E11: =IF(C11>0,"🔴 "& C11 &" nodes at risk","✅ All OK") -> 🔴 2 nodes at risk | F11: =IF(C11>0,"Add nodes or reduce per-node span load","No action needed") -> Add nodes or reduce per-node span load
B12: Nodes at Memory Risk (>75%) | C12: ='Server Inventory'!K4 -> 2 | D12: 0 | E12: =IF(C12>0,"🔴 "& C12 &" nodes at risk","✅ All OK") -> 🔴 2 nodes at risk | F12: =IF(C12>0,"Increase memory or add nodes","No action needed") -> Increase memory or add nodes
B13: Additional Servers Needed | C13: ='Capacity Model'!E4 -> 1 | D13: — | E13: =IF(C13>0,"⚠️ Scale Up: "& C13 &" servers needed","✅ Sufficient") -> ⚠️ Scale Up: 1 servers needed | F13: =IF(C13>0,"See Capacity Model sheet for details","Current capacity sufficient") -> See Capacity Model sheet for details
B15: KEY METRICS AT A GLANCE (Pull from Splunk / OTel Prometheus Endpoint)
B16: Metric Name | C16: Prometheus / Splunk Metric | D16: Unit | F16: Where to Find
B17: CPU Utilization | C17: otelcol_process_cpu_seconds_total (rate) | D17: % | F17: OTel Collector /metrics endpoint or host agent
B18: Memory Usage | C18: otelcol_process_memory_rss | D18: bytes | F18: OTel Collector /metrics endpoint
B19: Spans Sent (Success) | C19: otelcol_exporter_sent_spans | D19: spans/s | F19: Splunk: SignalFx exporter metric
B20: Spans Dropped (OOM) | C20: otelcol_exporter_enqueue_failed_spans | D20: spans | F20: OTel Collector /metrics endpoint
B21: Queue Capacity | C21: otelcol_exporter_queue_capacity | D21: items | F21: OTel Collector /metrics endpoint
B22: Queue Size (current) | C22: otelcol_exporter_queue_size | D22: items | F22: OTel Collector /metrics endpoint
B23: Receiver Accepted | C23: otelcol_receiver_accepted_spans | D23: spans/s | F23: OTel Collector /metrics endpoint
B24: Receiver Refused | C24: otelcol_receiver_refused_spans | D24: spans/s | F24: OTel Collector /metrics endpoint

Sheet Server Inventory
B1: Server Inventory & Resource Utilization
B2: Enter data from monitoring tools (Splunk IM / Prometheus / CloudWatch). Blue cells = manual input.
B3: FLEET SUMMARY (Auto-calculated)
B4: Summary → | C4: =COUNTA(B7:B36) -> 5 | D4: =SUM(D7:D36) -> 44 | E4: =SUM(E7:E36) -> 176 | H4: =IFERROR(AVERAGE(H7:H36),0) -> 0.642 | I4: =IFERROR(AVERAGE(I7:I36),0) -> 0.7 | J4: =COUNTIF(H7:H36,">"&0.7) -> 2 | K4: =COUNTIF(I7:I36,">"&0.75) -> 2
B5: Thresholds → | H5: 0.7 | I5: 0.75 | K5: ← Adjust thresholds here
B6: Server / Node Name | C6: Environment | D6: vCPUs | E6: RAM (GB) | F6: Collector Version | G6: Pipelines | H6: CPU Util % | I6: Mem Util % | J6: CPU Status | K6: Mem Status | L6: Notes / Tags
B7: otel-collector-01 | C7: Production | D7: 8 | E7: 32 | F7: 0.96.0 | G7: traces,metrics,logs | H7: 0.68 | I7: 0.72 | J7: =IF(H7>$H$5,"🔴 Over Limit",IF(H7>$H$5*0.9,"🟡 Warning","✅ OK")) -> 🟡 Warning | K7: =IF(I7>$I$5,"🔴 Over Limit",IF(I7>$I$5*0.9,"🟡 Warning","✅ OK")) -> 🟡 Warning
B8: otel-collector-02 | C8: Production | D8: 8 | E8: 32 | F8: 0.96.0 | G8: traces,metrics,logs | H8: 0.74 | I8: 0.81 | J8: =IF(H8>$H$5,"🔴 Over Limit",IF(H8>$H$5*0.9,"🟡 Warning","✅ OK")) -> 🔴 Over Limit | K8: =IF(I8>$I$5,"🔴 Over Limit",IF(I8>$I$5*0.9,"🟡 Warning","✅ OK")) -> 🔴 Over Limit
B9: otel-collector-03 | C9: Production | D9: 8 | E9: 32 | F9: 0.96.0 | G9: traces | H9: 0.55 | I9: 0.61 | J9: =IF(H9>$H$5,"🔴 Over Limit",IF(H9>$H$5*0.9,"🟡 Warning","✅ OK")) -> ✅ OK | K9: =IF(I9>$I$5,"🔴 Over Limit",IF(I9>$I$5*0.9,"🟡 Warning","✅ OK")) -> ✅ OK
B10: otel-collector-04 | C10: Staging | D10: 4 | E10: 16 | F10: 0.95.0 | G10: traces,metrics | H10: 0.42 | I10: 0.48 | J10: =IF(H10>$H$5,"🔴 Over Limit",IF(H10>$H$5*0.9,"🟡 Warning","✅ OK")) -> ✅ OK | K10: =IF(I10>$I$5,"🔴 Over Limit",IF(I10>$I$5*0.9,"🟡 Warning","✅ OK")) -> ✅ OK
B11: otel-collector-05 | C11: Production | D11: 16 | E11: 64 | F11: 0.96.0 | G11: traces,metrics,logs | H11: 0.82 | I11: 0.88 | J11: =IF(H11>$H$5,"🔴 Over Limit",IF(H11>$H$5*0.9,"🟡 Warning","✅ OK")) -> 🔴 Over Limit | K11: =IF(I11>$I$5,"🔴 Over Limit",IF(I11>$I$5*0.9,"🟡 Warning","✅ OK")) -> 🔴 Over Limit
J12: =IF(H12="","",IF(H12>$H$5,"🔴 Over Limit",IF(H12>$H$5*0.9,"🟡 Warning","✅ OK"))) | K12: =IF(I12="","",IF(I12>$I$5,"🔴 Over Limit",IF(I12>$I$5*0.9,"🟡 Warning","✅ OK")))
J13: =IF(H13="","",IF(H13>$H$5,"🔴 Over Limit",IF(H13>$H$5*0.9,"🟡 Warning","✅ OK"))) | K13: =IF(I13="","",IF(I13>$I$5,"🔴 Over Limit",IF(I13>$I$5*0.9,"🟡 Warning","✅ OK")))
J14: =IF(H14="","",IF(H14>$H$5,"🔴 Over Limit",IF(H14>$H$5*0.9,"🟡 Warning","✅ OK"))) | K14: =IF(I14="","",IF(I14>$I$5,"🔴 Over Limit",IF(I14>$I$5*0.9,"🟡 Warning","✅ OK")))
J15: =IF(H15="","",IF(H15>$H$5,"🔴 Over Limit",IF(H15>$H$5*0.9,"🟡 Warning","✅ OK"))) | K15: =IF(I15="","",IF(I15>$I$5,"🔴 Over Limit",IF(I15>$I$5*0.9,"🟡 Warning","✅ OK")))
J16: =IF(H16="","",IF(H16>$H$5,"🔴 Over Limit",IF(H16>$H$5*0.9,"🟡 Warning","✅ OK"))) | K16: =IF(I16="","",IF(I16>$I$5,"🔴 Over Limit",IF(I16>$I$5*0.9,"🟡 Warning","✅ OK")))
J17: =IF(H17="","",IF(H17>$H$5,"🔴 Over Limit",IF(H17>$H$5*0.9,"🟡 Warning","✅ OK"))) | K17: =IF(I17="","",IF(I17>$I$5,"🔴 Over Limit",IF(I17>$I$5*0.9,"🟡 Warning","✅ OK")))
J18: =IF(H18="","",IF(H18>$H$5,"🔴 Over Limit",IF(H18>$H$5*0.9,"🟡 Warning","✅ OK"))) | K18: =IF(I18="","",IF(I18>$I$5,"🔴 Over Limit",IF(I18>$I$5*0.9,"🟡 Warning","✅ OK")))
J19: =IF(H19="","",IF(H19>$H$5,"🔴 Over Limit",IF(H19>$H$5*0.9,"🟡 Warning","✅ OK"))) | K19: =IF(I19="","",IF(I19>$I$5,"🔴 Over Limit",IF(I19>$I$5*0.9,"🟡 Warning","✅ OK")))
J20: =IF(H20="","",IF(H20>$H$5,"🔴 Over Limit",IF(H20>$H$5*0.9,"🟡 Warning","✅ OK"))) | K20: =IF(I20="","",IF(I20>$I$5,"🔴 Over Limit",IF(I20>$I$5*0.9,"🟡 Warning","✅ OK")))
J21: =IF(H21="","",IF(H21>$H$5,"🔴 Over Limit",IF(H21>$H$5*0.9,"🟡 Warning","✅ OK"))) | K21: =IF(I21="","",IF(I21>$I$5,"🔴 Over Limit",IF(I21>$I$5*0.9,"🟡 Warning","✅ OK")))
J22: =IF(H22="","",IF(H22>$H$5,"🔴 Over Limit",IF(H22>$H$5*0.9,"🟡 Warning","✅ OK"))) | K22: =IF(I22="","",IF(I22>$I$5,"🔴 Over Limit",IF(I22>$I$5*0.9,"🟡 Warning","✅ OK")))
J23: =IF(H23="","",IF(H23>$H$5,"🔴 Over Limit",IF(H23>$H$5*0.9,"🟡 Warning","✅ OK"))) | K23: =IF(I23="","",IF(I23>$I$5,"🔴 Over Limit",IF(I23>$I$5*0.9,"🟡 Warning","✅ OK")))
... J36: =IF(H36="","",IF(H36>$H$5,"🔴 Over Limit",IF(H36>$H$5*0.9,"🟡 Warning","✅ OK"))) | K36: =IF(I36="","",IF(I36>$I$5,"🔴 Over Limit",IF(I36>$I$5*0.9,"🟡 Warning","✅ OK")))

Sheet Collector Metrics
B1: OTel Collector – Span Metrics & Drop Analysis
B2: Collect from: OTel /metrics endpoint | Splunk IM Dashboard | Prometheus scrape. Blue cells = input.
B3: FLEET-WIDE SPAN METRICS SUMMARY
B4: Summary → | C4: =SUM(E7:E36) -> 213150 | D4: =SUM(F7:F36) -> 8780 | E4: =IFERROR(D4/(C4+D4),0) -> 0.039562024 | F4: =IFERROR(AVERAGE(I7:I36),0) -> 7250 | G4: =SUM(E7:E36) -> 213150 | H4: =IFERROR(SUM(F7:F36)/(SUM(E7:E36)+SUM(F7:F36)),0) -> 0.039562024
B6: Server / Node | C6: Time Window | D6: Spans Received/s | E6: Spans Exported/s (Success) | F6: Spans Dropped (OOM/Queue) | G6: Drop Rate % | H6: Queue Capacity | I6: Queue Size (Current) | J6: Queue Fill % | K6: Drop Reason
B7: otel-collector-01 | C7: Last 1h | D7: 45000 | E7: 44800 | F7: 120 | G7: =IFERROR(F7/(E7+F7),0) -> 0.0026714159 | H7: 10000 | I7: 8200 | J7: =IFERROR(I7/H7,0) -> 0.82 | K7: =IF(F7>0,IF(J7>0.9,"OOM/Queue Full","Queue Overflow"),"None") -> Queue Overflow
B8: otel-collector-02 | C8: Last 1h | D8: 52000 | E8: 49500 | F8: 2100 | G8: =IFERROR(F8/(E8+F8),0) -> 0.040697674 | H8: 10000 | I8: 9800 | J8: =IFERROR(I8/H8,0) -> 0.98 | K8: =IF(F8>0,IF(J8>0.9,"OOM/Queue Full","Queue Overflow"),"None") -> OOM/Queue Full
B9: otel-collector-03 | C9: Last 1h | D9: 30000 | E9: 29900 | F9: 50 | G9: =IFERROR(F9/(E9+F9),0) -> 0.0016694491 | H9: 10000 | I9: 5100 | J9: =IFERROR(I9/H9,0) -> 0.51 | K9: =IF(F9>0,IF(J9>0.9,"OOM/Queue Full","Queue Overflow"),"None") -> Queue Overflow
B10: otel-collector-04 | C10: Last 1h | D10: 18000 | E10: 17950 | F10: 10 | G10: =IFERROR(F10/(E10+F10),0) -> 0.00055679287 | H10: 10000 | I10: 3200 | J10: =IFERROR(I10/H10,0) -> 0.32 | K10: =IF(F10>0,IF(J10>0.9,"OOM/Queue Full","Queue Overflow"),"None") -> Queue Overflow
B11: otel-collector-05 | C11: Last 1h | D11: 78000 | E11: 71000 | F11: 6500 | G11: =IFERROR(F11/(E11+F11),0) -> 0.083870968 | H11: 10000 | I11: 9950 | J11: =IFERROR(I11/H11,0) -> 0.995 | K11: =IF(F11>0,IF(J11>0.9,"OOM/Queue Full","Queue Overflow"),"None") -> OOM/Queue Full
G12: =IFERROR(F12/(E12+F12),0) -> 0 | J12: =IFERROR(I12/H12,0) -> 0 | K12: =IF(F12>0,IF(J12>0.9,"OOM/Queue Full","Queue Overflow"),"None") -> None
G13: =IFERROR(F13/(E13+F13),0) -> 0 | J13: =IFERROR(I13/H13,0) -> 0 | K13: =IF(F13>0,IF(J13>0.9,"OOM/Queue Full","Queue Overflow"),"None") -> None
G14: =IFERROR(F14/(E14+F14),0) -> 0 | J14: =IFERROR(I14/H14,0) -> 0 | K14: =IF(F14>0,IF(J14>0.9,"OOM/Queue Full","Queue Overflow"),"None") -> None
G15: =IFERROR(F15/(E15+F15),0) -> 0 | J15: =IFERROR(I15/H15,0) -> 0 | K15: =IF(F15>0,IF(J15>0.9,"OOM/Queue Full","Queue Overflow"),"None") -> None
G16: =IFERROR(F16/(E16+F16),0) -> 0 | J16: =IFERROR(I16/H16,0) -> 0 | K16: =IF(F16>0,IF(J16>0.9,"OOM/Queue Full","Queue Overflow"),"None") -> None
G17: =IFERROR(F17/(E17+F17),0) -> 0 | J17: =IFERROR(I17/H17,0) -> 0 | K17: =IF(F17>0,IF(J17>0.9,"OOM/Queue Full","Queue Overflow"),"None") -> None
G18: =IFERROR(F18/(E18+F18),0) -> 0 | J18: =IFERROR(I18/H18,0) -> 0 | K18: =IF(F18>0,IF(J18>0.9,"OOM/Queue Full","Queue Overflow"),"None") -> None
G19: =IFERROR(F19/(E19+F19),0) -> 0 | J19: =IFERROR(I19/H19,0) -> 0 | K19: =IF(F19>0,IF(J19>0.9,"OOM/Queue Full","Queue Overflow"),"None") -> None
G20: =IFERROR(F20/(E20+F20),0) -> 0 | J20: =IFERROR(I20/H20,0) -> 0 | K20: =IF(F20>0,IF(J20>0.9,"OOM/Queue Full","Queue Overflow"),"None") -> None
G21: =IFERROR(F21/(E21+F21),0) -> 0 | J21: =IFERROR(I21/H21,0) -> 0 | K21: =IF(F21>0,IF(J21>0.9,"OOM/Queue Full","Queue Overflow"),"None") -> None
G22: =IFERROR(F22/(E22+F22),0) -> 0 | J22: =IFERROR(I22/H22,0) -> 0 | K22: =IF(F22>0,IF(J22>0.9,"OOM/Queue Full","Queue Overflow"),"None") -> None
G23: =IFERROR(F23/(E23+F23),0) -> 0 | J23: =IFERROR(I23/H23,0) -> 0 | K23: =IF(F23>0,IF(J23>0.9,"OOM/Queue Full","Queue Overflow"),"None") -> None
... G36: =IFERROR(F36/(E36+F36),0) -> 0 | J36: =IFERROR(I36/H36,0) -> 0 | K36: =IF(F36>0,IF(J36>0.9,"OOM/Queue Full","Queue Overflow"),"None") -> None

Sheet Capacity Model
B1: Capacity Planning Model – Additional Servers Required
B3: A. CURRENT STATE (Pulled from other sheets)
B4: Current number of collector nodes | C4: ='Server Inventory'!C4 -> 5 | D4: nodes | E4: ='Capacity Model'!C28 -> 1
B5: Avg CPU utilization (current) | C5: ='Server Inventory'!H4 -> 0.642 | D5: %
B6: Avg Memory utilization (current) | C6: ='Server Inventory'!I4 -> 0.7 | D6: %
B7: Total spans/s successfully sent | C7: ='Collector Metrics'!G4 -> 213150 | D7: spans/s
B8: Total spans dropped (OOM/Queue) | C8: ='Collector Metrics'!D4 -> 8780 | D8: spans
B9: Fleet-wide drop rate | C9: ='Collector Metrics'!H4 -> 0.039562024 | D9: %
B11: B. CAPACITY PLANNING ASSUMPTIONS (Blue = editable)
B12: Target CPU utilization (safe ceiling) | C12: 0.65 | D12: % | E12: Industry best practice: 65% for headroom
B13: Target Memory utilization (safe ceiling) | C13: 0.7 | D13: % | E13: Leave 30% buffer for spikes
B14: Expected span growth rate (next 6 months) | C14: 0.3 | D14: % | E14: e.g. 30% = 30% more spans in 6 months
B15: Max spans/s per collector node (observed peak) | C15: 15000 | D15: spans/s | E15: Benchmark from your env; adjust per HW spec
B16: Max CPU a single node can sustain (target) | C16: 0.65 | D16: % | E16: Matches target CPU above
B17: Safety buffer multiplier | C17: 1.2 | D17: x | E17: 1.2 = 20% additional headroom
B18: Avg vCPUs per new server | C18: 8 | D18: vCPUs | E18: Size of servers to be added
B19: Avg RAM per new server (GB) | C19: 32 | D19: GB | E19: Size of servers to be added
B21: C. CAPACITY CALCULATIONS
B22: Projected spans/s after growth | C22: =C8*(1+C14) -> 11414 | E22: Current spans × (1 + growth rate)
B23: Required nodes based on span throughput | C23: =CEILING(C22/C15,1) -> 1 | E23: Projected spans ÷ max spans/node, rounded up
B24: Required nodes based on CPU headroom | C24: =CEILING(C4*(C5/C12),1) -> 5 | D24: nodes | E24: Current nodes × (current CPU / target CPU)
B25: Required nodes based on Memory headroom | C25: =CEILING(C4*(C6/C13),1) -> 5 | D25: nodes | E25: Current nodes × (current Mem / target Mem)
B26: Required nodes (worst case / max) | C26: =MAX(C23,C24,C25) -> 5 | E26: Take the highest requirement across all dimensions
B27: Apply safety buffer | C27: =CEILING(C26*C17,1) -> 6 | E27: Worst-case × safety multiplier
B28: Additional servers NEEDED | C28: =MAX(0,C27-C4) -> 1 | D28: nodes | E28: Required (with buffer) minus current nodes
B29: Total fleet size after scale-out | C29: =C4+C28 -> 6 | D29: nodes | E29: Current + additional
B30: New vCPU total added | C30: =C28*C18 -> 8 | E30: New servers × vCPUs per server
B31: New RAM total added (GB) | C31: =C28*C19 -> 32 | E31: New servers × RAM per server
B33: D. RECOMMENDATION SUMMARY
B34: Scale-out decision | C34: =IF(C28>0,"⚠️ ADD "&C28&" SERVER(S) to avoid data loss","✅ Current fleet is sufficient") -> ⚠️ ADD 1 SERVER(S) to avoid data loss
B35: Primary bottleneck | C35: =IF(C24>=C23,"Memory is the binding constraint","Span throughput is the binding constraint") -> Memory is the binding constraint
B36: Urgency | C36: =IF(C9>0.01,"🔴 IMMEDIATE – Drops already occurring",IF(C5>0.8,"🟡 HIGH – CPU critical soon",IF(C6>0.85,"🟡 HIGH – Memory critical soon","🟢 PLAN – Scale before growth hits"))) -> 🔴 IMMEDIATE – Drops already occurring
B37: Estimated timeline | C37: =IF(C9>0.01,"Scale out within 1-2 weeks","Plan scale-out within "&TEXT(ROUND((C12-C5)/C14*6,0),"0")&" months based on growth rate") -> Scale out within 1-2 weeks
